Workbook

Sheet Sumarry
A1: zstage_left-z-c2-rear | B1: ='Z Stage'!F5 -> 0.026 | C1: zstage_left-z-c2-front | D1: ='Z Stage'!G5 -> 0
A2: zstage_right-z-a1-rear | B2: ='Z Stage'!F7 -> -0.05 | C2: zstage_right-z-a1-front | D2: ='Z Stage'!G7 -> 0
A3: zstage_right-z-a2-rear | B3: ='Z Stage'!F8 -> -0.024 | C3: zstage_right-z-a2-front | D3: ='Z Stage'!G8 -> 0
A4: zstage_right-z-a3-rear | B4: ='Z Stage'!F9 -> -0.048 | C4: zstage_right-z-a3-front | D4: ='Z Stage'!G9 -> 0
A5: zstage_right-z-b1-rear | B5: ='Z Stage'!F10 -> -0.118 | C5: zstage_right-z-b1-front | D5: ='Z Stage'!G10 -> 0
A6: zstage_right-z-b2-rear | B6: ='Z Stage'!F11 -> -0.088 | C6: zstage_right-z-b2-front | D6: ='Z Stage'!G11 -> 0
A7: zstage_right-z-b3-rear | B7: ='Z Stage'!F12 -> -0.012 | C7: zstage_right-z-b3-front | D7: ='Z Stage'!G12 -> 0
A8: zstage_right-z-c1-rear | B8: ='Z Stage'!F13 -> -0.038 | C8: zstage_right-z-c1-front | D8: ='Z Stage'!G13 -> 0
A9: zstage_right-z-c2-rear | B9: ='Z Stage'!F14 -> -0.032 | C9: zstage_right-z-c2-front | D9: ='Z Stage'!G14 -> 0
A10: zstage_right-z-c3-rear | B10: ='Z Stage'!F15 -> -0.08 | C10: zstage_right-z-c3-front | D10: ='Z Stage'!G15 -> 0
A11: zstage_right-z-d1-rear | B11: ='Z Stage'!F16 -> 0.006 | C11: zstage_right-z-d1-front | D11: ='Z Stage'!G16 -> 0
A12: zstage_right-z-d2-rear | B12: ='Z Stage'!F17 -> -0.092 | C12: zstage_right-z-d2-front | D12: ='Z Stage'!G17 -> 0
A13: zstage_right-z-d3-rear | B13: ='Z Stage'!F18 -> -0.008 | C13: zstage_right-z-d3-front | D13: ='Z Stage'!G18 -> 0
A14: ch8_left-y-c1-rear | B14: ='8CH Pipette'!F5 -> 0.094 | C14: ch8_left-y-c1-front | D14: ='8CH Pipette'!G5 -> 0
A15: ch8_right-y-c1-rear | B15: ='8CH Pipette'!F7 -> 0.144 | C15: ch8_right-y-c1-front | D15: ='8CH Pipette'!G7 -> 0
A16: ch8_right-y-c3-rear | B16: ='8CH Pipette'!F8 -> 0.16 | C16: ch8_right-y-c3-front | D16: ='8CH Pipette'!G8 -> 0
A17: ch8_right-y-a2-rear | B17: ='8CH Pipette'!F9 -> 0.13 | C17: ch8_right-y-a2-front | D17: ='8CH Pipette'!G9 -> 0
A18: ch96_c1-y-rear | B18: ='96CH Pipette'!H5 -> -0.128 | C18: ch96_c1-y-front | D18: ='96CH Pipette'!I5 -> 0
A19: ch96_c3-y-rear | B19: ='96CH Pipette'!H7 -> -0.14 | C19: ch96_c3-y-front | D19: ='96CH Pipette'!I7 -> 0
A20: ch96_a2-y-rear | B20: ='96CH Pipette'!H9 -> -0.176 | C20: ch96_a2-y-front | D20: ='96CH Pipette'!I9 -> 0
A21: ch96_c1-x-left | B21: ='96CH Pipette'!H11 -> 0 | C21: ch96_c1-x-right | D21: ='96CH Pipette'!I11 -> 0.076
A22: ch96_c3-x-left | B22: ='96CH Pipette'!H12 -> 0 | C22: ch96_c3-x-right | D22: ='96CH Pipette'!I12 -> 0.028
A23: ch96_a2-x-left | B23: ='96CH Pipette'!H13 -> 0 | C23: ch96_a2-x-right | D23: ='96CH Pipette'!I13 -> 0.114
A24: ch96_d1-z-rear_left | B24: ='96CH Pipette'!H15 -> -0.02 | C24: ch96_d1-z-rear_right | D24: ='96CH Pipette'!I15 -> -0.054 | E24: ch96_d1-z-front_left | F24: ='96CH Pipette'!J15 -> 0 | G24: ch96_d1-z-front_right | H24: ='96CH Pipette'!K15 -> 0.036
A25: ch96_d3-z-rear_left | B25: ='96CH Pipette'!H16 -> -0.01 | C25: ch96_d3-z-rear_right | D25: ='96CH Pipette'!I16 -> -0.062 | E25: ch96_d3-z-front_left | F25: ='96CH Pipette'!J16 -> 0 | G25: ch96_d3-z-front_right | H25: ='96CH Pipette'!K16 -> 0.028
A26: ch96_c2-z-rear_left | B26: ='96CH Pipette'!H17 -> -0.006 | C26: ch96_c2-z-rear_right | D26: ='96CH Pipette'!I17 -> -0.112 | E26: ch96_c2-z-front_left | F26: ='96CH Pipette'!J17 -> 0 | G26: ch96_c2-z-front_right | H26: ='96CH Pipette'!K17 -> -0.03
A27: ch96_a2-z-rear_left | B27: ='96CH Pipette'!H18 -> -0.018 | C27: ch96_a2-z-rear_right | D27: ='96CH Pipette'!I18 -> -0.102 | E27: ch96_a2-z-front_left | F27: ='96CH Pipette'!J18 -> 0 | G27: ch96_a2-z-front_right | H27: ='96CH Pipette'!K18 -> 0.024

Sheet Z Stage
B2: Fixture Name | C2: Z Stage Leveling
B3: Date | C3: 46206 | D3: measurement | F3: compensation
B4: Left | C4: Block | D4: rear(ch3) | E4: front(ch2) | F4: rear(ch3) | G4: front(ch2)
C5: Z-C2 | D5: 29.998 | E5: 30.024 | F5: 0.026 | G5: 0
B6: Right | C6: Block | D6: rear(ch3) | E6: front(ch2) | F6: rear(ch3) | G6: front(ch2)
C7: Z-A1 | D7: 30.062 | E7: 30.012 | F7: -0.05 | G7: 0
C8: Z-A2 | D8: 30.11 | E8: 30.086 | F8: -0.024 | G8: 0
C9: Z-A3 | D9: 30.122 | E9: 30.074 | F9: -0.048 | G9: 0
C10: Z-B1 | D10: 30.246 | E10: 30.128 | F10: -0.118 | G10: 0
C11: Z-B2 | D11: 30.096 | E11: 30.008 | F11: -0.088 | G11: 0
C12: Z-B3 | D12: 30.192 | E12: 30.18 | F12: -0.012 | G12: 0
C13: Z-C1 | D13: 30.318 | E13: 30.28 | F13: -0.038 | G13: 0
C14: Z-C2 | D14: 30.326 | E14: 30.294 | F14: -0.032 | G14: 0
C15: Z-C3 | D15: 30.364 | E15: 30.284 | F15: -0.08 | G15: 0
C16: Z-D1 | D16: 30.256 | E16: 30.262 | F16: 0.006 | G16: 0
C17: Z-D2 | D17: 30.236 | E17: 30.144 | F17: -0.092 | G17: 0
C18: Z-D3 | D18: 30.25 | E18: 30.242 | F18: -0.008 | G18: 0

Sheet 8CH Pipette
B2: FixtureName | C2: 8CH Pipette
B3: Date | C3: 46206 | D3: measurement | F3: compensation
B4: Left | C4: Block | F4: rear(ch1) | G4: front(ch0)
C5: Y-C1 | D5: 30.02 | E5: 30.114 | F5: 0.094 | G5: 0
B6: Right | C6: Block | F6: rear(ch1) | G6: front(ch0)
C7: Y-C1 | D7: 30.062 | E7: 30.206 | F7: =E7-D7 -> 0.144 | G7: 0
C8: Y-C3 | D8: 30.026 | E8: 30.186 | F8: =E8-D8 -> 0.16 | G8: 0
C9: Y-A2 | D9: 30.046 | E9: 30.176 | F9: =E9-D9 -> 0.13 | G9: 0

Sheet 96CH Pipette
B2: FixtureName | C2: 96CH Pipette
B3: Date | C3: 46206 | H3: compensation
B4: Y Axis | C4: Block | D4: rear(ch1) | E4: front(ch0) | H4: rear(ch1) | I4: front(ch0)
C5: C1-Y | D5: 30.168 | E5: 30.04 | H5: -0.128 | I5: 0
C6: Block | D6: rear(ch3) | E6: front(ch2) | H6: rear(ch3) | I6: front(ch2)
C7: C3-Y | D7: 30.148 | E7: 30.008 | H7: -0.14 | I7: 0
C8: Block | D8: rear(ch1) | E8: front(ch0) | H8: rear(ch1) | I8: front(ch0)
C9: A2-Y | D9: 30.2 | E9: 30.024 | H9: -0.176 | I9: 0
B10: X Axis | C10: Block | D10: left(ch4) | E10: right(ch5) | H10: left(ch4) | I10: right(ch5)
C11: C1-X | D11: 30.106 | E11: 30.03 | H11: 0 | I11: 0.076
C12: C3-X | D12: 30.028 | E12: 30 | H12: 0 | I12: 0.028
C13: A2-X | D13: 30.118 | E13: 30.004 | H13: 0 | I13: 0.114
B14: Z Axis | C14: Block | D14: rear_left(ch10) | E14: rear_right(ch11) | F14: front_left(ch8) | G14: front_right(ch9) | H14: rear_left(ch10) | I14: rear_right(ch11) | J14: front_left(ch8) | K14: front_right(ch9)
C15: D1-Z | D15: 30.138 | E15: 30.172 | F15: 30.118 | G15: 30.082 | H15: -0.02 | I15: -0.054 | J15: 0 | K15: 0.036
C16: D3-Z | D16: 30.126 | E16: 30.178 | F16: 30.116 | G16: 30.088 | H16: -0.01 | I16: -0.062 | J16: 0 | K16: 0.028
C17: C2-Z | D17: 30.172 | E17: 30.278 | F17: 30.166 | G17: 30.196 | H17: -0.006 | I17: -0.112 | J17: 0 | K17: -0.03
C18: A2-Z | D18: 30.08 | E18: 30.164 | F18: 30.062 | G18: 30.038 | H18: -0.018 | I18: -0.102 | J18: 0 | K18: 0.024
